funil,decisao_a,par_jogos,escolhida,janela_historico,ultimo_jogo_no_historico,jogos_no_historico_da_escolhida,opcoes_elegiveis,treino_da_previsao_usada_ate
FIRST_10a35,338,338–339,V6WR_MOM|cWRgrande,"[200, 338)",337,138.0,18,337.0
FIRST_10a35,344,344–345,V6E_INI,"[200, 344)",343,144.0,18,343.0
FIRST_10a35,512,512–513,TUDO_INI_CALR|bipro30,"[420, 512)",511,92.0,81,511.0
FIRST_5a45,450,450–451,V6E_MOM|bisolo,"[400, 450)",449,50.0,36,449.0
FIRST_5a45,528,528–529,TUDO_MOM|cWRgrande,"[420, 528)",527,108.0,81,527.0
FIRST_5a45,578,578–579,TUDO_INI_CALR|cWRgrande,"[420, 578)",577,158.0,81,577.0
MULTI_10a35,218,218–219,,,217,,0,
MULTI_10a35,220,220–221,,,219,,0,
MULTI_10a35,278,278–279,V6WR_MOM|cWRgrande,"[200, 278)",277,78.0,18,277.0
MULTI_10a35,564,564–565,TUDO_INI_CALR|cWRgrande,"[420, 564)",563,144.0,81,563.0
MULTI_10a35,580,580–581,TUDO_INI_CALR|bisolo,"[420, 580)",579,160.0,81,579.0
MULTI_5a45,232,232–233,,,231,,0,
MULTI_5a45,338,338–339,V6E_MOM|cPROBSgrande,"[200, 338)",337,138.0,18,337.0
MULTI_5a45,366,366–367,V6E_MOM|cPROBSgrande,"[200, 366)",365,166.0,18,365.0
MULTI_5a45,386,386–387,V6E_MOM|cPROBSgrande,"[200, 386)",385,186.0,18,385.0
