funil,janela,conjunto,decisoes_conferidas,dif_relativa_max,sabotagens,escolhas_alteradas
FIRST_5a45,propria,todas,12,5.329070518200751e-15,3,0
FIRST_5a45,propria,so_INI,12,5.10702591327572e-15,3,0
FIRST_5a45,comum,todas,12,3.0542235407438056e-13,3,0
FIRST_5a45,comum,so_INI,12,2.760847106486608e-13,3,0
MULTI_5a45,propria,todas,12,1.6306032420741302e-14,3,0
MULTI_5a45,propria,so_INI,12,1.2253571085433288e-14,3,0
MULTI_5a45,comum,todas,12,2.4491498239187504e-13,3,0
MULTI_5a45,comum,so_INI,12,2.9320990080350384e-13,3,0
FIRST_10a35,propria,todas,12,3.552713678800501e-15,3,0
FIRST_10a35,propria,so_INI,12,6.7826936877945105e-15,3,0
FIRST_10a35,comum,todas,12,3.03368441478824e-13,3,0
FIRST_10a35,comum,so_INI,12,1.927763353662146e-13,3,0
MULTI_10a35,propria,todas,12,6.661338147750939e-15,3,0
MULTI_10a35,propria,so_INI,12,7.993605777301127e-15,3,0
MULTI_10a35,comum,todas,12,3.547308880832644e-13,3,0
MULTI_10a35,comum,so_INI,12,1.6972763556584402e-13,3,0
