funil,janela,conjunto,n_sorteios,n_jogos,ppg_media,ppg_dp,ppg_p05,ppg_p50,ppg_p95,maxdd_p05,maxdd_p50,maxdd_p95,sharpe_jogo_p50,sharpe_jogo_p95
FIRST_5a45,propria,todas,2000,450,-0.021057335592728627,0.031262055717712275,-0.07216610419310146,-0.020237609575671806,0.028945502745788276,13.962085787949713,25.041143472759252,41.22057206482028,-0.021599972368617798,0.03026130327948891
FIRST_5a45,propria,so_INI,2000,450,-0.02863191111246777,0.031006516947138425,-0.07801868932695398,-0.029225971983554828,0.021209472568808844,16.275540499914865,29.384550600827325,45.11464136033958,-0.03108410081901672,0.021807078880333956
FIRST_5a45,comum,todas,2000,450,-0.02072273144692204,0.030957207588980334,-0.07067310571747576,-0.0208018069013274,0.02883608239955019,13.692545062254789,24.474717302937943,41.53940080362564,-0.02226960000971641,0.02979266319938278
FIRST_5a45,comum,so_INI,2000,450,-0.027224337250462718,0.03039436807886449,-0.07875031637327863,-0.027359471655775534,0.02277343604889742,16.21640169568032,28.788254180012196,45.40895864192009,-0.02948667957609099,0.023248293925547062
MULTI_5a45,propria,todas,2000,450,0.44949466463109033,0.13561351463955681,0.22912637852877962,0.4490127020534508,0.6718303811989526,29.91487931598742,45.7020395746641,75.75207284815424,0.10542218625621737,0.15222366680832122
MULTI_5a45,propria,so_INI,2000,450,0.4551705887470283,0.1297085723081861,0.2433234399323181,0.45205805838886615,0.6729619969330811,30.572967959283805,45.690716674744756,75.66007352770593,0.10480596487456892,0.14664434387645103
MULTI_5a45,comum,todas,2000,450,0.45978522591157334,0.12969986852954415,0.24865161022365861,0.4598215221221309,0.6743990622732564,30.03211739163409,44.91972584328092,73.58397039739945,0.10819901664612787,0.15259608214435463
MULTI_5a45,comum,so_INI,2000,450,0.45355786671398923,0.1318216490185825,0.2361909957369411,0.45192649701018517,0.6777101218936125,30.734818438570418,46.09408533830236,76.57083149918267,0.10455043309399165,0.14894510310509082
FIRST_10a35,propria,todas,2000,450,0.05834931572937769,0.03590307757429805,-0.00010182039592195432,0.05776302939804405,0.11930686098307436,10.655738113240721,18.342878856816256,30.894865843747368,0.05290936415126296,0.10345498613925416
FIRST_10a35,propria,so_INI,2000,450,0.06063174663349404,0.0346737190340898,0.004762823932594848,0.060711157079003805,0.11750248661263647,10.803001709525969,18.319220945993376,31.634188544363415,0.05573563064586263,0.10200188110740226
FIRST_10a35,comum,todas,2000,450,0.05992319197976201,0.034104295714014105,0.00350658985882677,0.05852401861984227,0.1170046186089883,10.501121137982787,18.33783422295837,31.046025869881106,0.05345702777666776,0.10223073475518946
FIRST_10a35,comum,so_INI,2000,450,0.06102356899950405,0.034338445229199106,0.0042453651375054195,0.06152405846208263,0.11800328234472937,10.854892856564788,18.21417140412426,31.31084377658893,0.056396203498192785,0.10324236411608298
MULTI_10a35,propria,todas,2000,450,0.3941557002524424,0.10980531858904781,0.21667370470156128,0.3917248691129093,0.5736024513756055,25.619013183529887,39.446308570375905,65.59578099201876,0.10812303499372844,0.15060750041093793
MULTI_10a35,propria,so_INI,2000,450,0.40263998627321573,0.11279556829265924,0.21776891025427791,0.40383961659615636,0.5855221309583587,26.48105783016247,40.56466091108641,67.28172124003035,0.10888029971804039,0.15131726278660668
MULTI_10a35,comum,todas,2000,450,0.39335713962305624,0.10837406837383075,0.2221446539641633,0.3920633871076168,0.5711732705634945,26.37759009012216,39.84979381169204,64.90880666812093,0.10785879474734089,0.14906312533481697
MULTI_10a35,comum,so_INI,2000,450,0.4020558229948399,0.11184506942290161,0.22464453492367326,0.3980837769046947,0.5810436565665156,26.399457532184645,40.030220949745086,64.830964126723,0.10792558132636368,0.1507847959389535
