funil,janela,conjunto,n_jogos,n_regras,mcs_alpha,mcs_regras,rc_melhor,rc_p_reality_check,rc_p_spa
FIRST_5a45,propria,todas,450,20,0.1,bsskill_todas · llskill_todas · brier_todas · ll_todas · bsskill_entradas · llskill_entradas · brier_entradas · ll_entradas · ppg · lucro · roi · sharpe · sortino · calmar · maxdd · seq_ruim · brier_com_roi>=0 · bsskill_t_ppg>=1_relaxar · ppg_nao_piorando_ou_nada · funcao_menor_vol,lucro,0.1887622475504899,0.1887622475504899
FIRST_5a45,propria,so_INI,450,20,0.1,bsskill_todas · llskill_todas · brier_todas · ll_todas · bsskill_entradas · llskill_entradas · brier_entradas · ll_entradas · ppg · lucro · roi · sharpe · sortino · calmar · maxdd · seq_ruim · brier_com_roi>=0 · bsskill_t_ppg>=1_relaxar · ppg_nao_piorando_ou_nada · funcao_menor_vol,roi,0.0621875624875025,0.0621875624875025
FIRST_5a45,comum,todas,450,20,0.1,bsskill_todas · llskill_todas · brier_todas · ll_todas · bsskill_entradas · llskill_entradas · brier_entradas · ll_entradas · ppg · lucro · roi · sharpe · sortino · calmar · maxdd · seq_ruim · brier_com_roi>=0 · bsskill_t_ppg>=1_relaxar · ppg_nao_piorando_ou_nada · funcao_menor_vol,roi,0.3307338532293541,0.3307338532293541
FIRST_5a45,comum,so_INI,450,20,0.1,bsskill_todas · llskill_todas · brier_todas · ll_todas · bsskill_entradas · llskill_entradas · brier_entradas · ll_entradas · ppg · lucro · roi · sharpe · sortino · calmar · maxdd · seq_ruim · brier_com_roi>=0 · bsskill_t_ppg>=1_relaxar · ppg_nao_piorando_ou_nada · funcao_menor_vol,calmar,0.33653269346130776,0.33653269346130776
MULTI_5a45,propria,todas,450,20,0.1,bsskill_todas · llskill_todas · brier_todas · ll_todas · bsskill_entradas · llskill_entradas · brier_entradas · ll_entradas · ppg · lucro · roi · sharpe · sortino · calmar · maxdd · seq_ruim · brier_com_roi>=0 · bsskill_t_ppg>=1_relaxar · ppg_nao_piorando_ou_nada · funcao_menor_vol,ll_entradas,0.10257948410317937,0.09678064387122576
MULTI_5a45,propria,so_INI,450,20,0.1,bsskill_todas · llskill_todas · brier_todas · ll_todas · bsskill_entradas · llskill_entradas · brier_entradas · ll_entradas · ppg · lucro · roi · sharpe · sortino · calmar · maxdd · seq_ruim · brier_com_roi>=0 · bsskill_t_ppg>=1_relaxar · ppg_nao_piorando_ou_nada · funcao_menor_vol,ll_entradas,0.395120975804839,0.395120975804839
MULTI_5a45,comum,todas,450,20,0.1,bsskill_todas · llskill_todas · brier_todas · ll_todas · bsskill_entradas · llskill_entradas · brier_entradas · ll_entradas · ppg · lucro · roi · sharpe · sortino · calmar · maxdd · seq_ruim · brier_com_roi>=0 · bsskill_t_ppg>=1_relaxar · ppg_nao_piorando_ou_nada · funcao_menor_vol,ll_entradas,0.11377724455108978,0.11377724455108978
MULTI_5a45,comum,so_INI,450,20,0.1,bsskill_todas · llskill_todas · brier_todas · ll_todas · bsskill_entradas · llskill_entradas · brier_entradas · ll_entradas · ppg · lucro · roi · sharpe · sortino · calmar · maxdd · seq_ruim · brier_com_roi>=0 · bsskill_t_ppg>=1_relaxar · ppg_nao_piorando_ou_nada · funcao_menor_vol,ll_entradas,0.40271945610877824,0.40271945610877824
FIRST_10a35,propria,todas,450,20,0.1,bsskill_todas · llskill_todas · brier_todas · ll_todas · bsskill_entradas · llskill_entradas · brier_entradas · ll_entradas · ppg · lucro · roi · sharpe · sortino · calmar · maxdd · seq_ruim · brier_com_roi>=0 · bsskill_t_ppg>=1_relaxar · ppg_nao_piorando_ou_nada · funcao_menor_vol,funcao_menor_vol,0.5226954609078185,0.5226954609078185
FIRST_10a35,propria,so_INI,450,20,0.1,bsskill_todas · llskill_todas · brier_todas · ll_todas · bsskill_entradas · llskill_entradas · brier_entradas · ll_entradas · ppg · lucro · roi · sharpe · sortino · calmar · maxdd · seq_ruim · brier_com_roi>=0 · bsskill_t_ppg>=1_relaxar · ppg_nao_piorando_ou_nada · funcao_menor_vol,funcao_menor_vol,0.4389122175564887,0.4389122175564887
FIRST_10a35,comum,todas,450,20,0.1,bsskill_todas · llskill_todas · brier_todas · ll_todas · bsskill_entradas · llskill_entradas · brier_entradas · ll_entradas · ppg · lucro · roi · sharpe · sortino · calmar · maxdd · seq_ruim · brier_com_roi>=0 · bsskill_t_ppg>=1_relaxar · ppg_nao_piorando_ou_nada · funcao_menor_vol,calmar,0.6000799840031994,0.6000799840031994
FIRST_10a35,comum,so_INI,450,20,0.1,bsskill_todas · llskill_todas · brier_todas · ll_todas · bsskill_entradas · llskill_entradas · brier_entradas · ll_entradas · ppg · lucro · roi · sharpe · sortino · calmar · maxdd · seq_ruim · brier_com_roi>=0 · bsskill_t_ppg>=1_relaxar · ppg_nao_piorando_ou_nada · funcao_menor_vol,calmar,0.48890221955608876,0.48890221955608876
MULTI_10a35,propria,todas,450,20,0.1,bsskill_todas · llskill_todas · brier_todas · ll_todas · bsskill_entradas · llskill_entradas · brier_entradas · ll_entradas · ppg · lucro · roi · sharpe · sortino · calmar · maxdd · seq_ruim · brier_com_roi>=0 · bsskill_t_ppg>=1_relaxar · ppg_nao_piorando_ou_nada · funcao_menor_vol,ll_todas,0.7530493901219756,0.7530493901219756
MULTI_10a35,propria,so_INI,450,20,0.1,bsskill_todas · llskill_todas · brier_todas · ll_todas · bsskill_entradas · llskill_entradas · brier_entradas · ll_entradas · ppg · lucro · roi · sharpe · sortino · calmar · maxdd · seq_ruim · brier_com_roi>=0 · bsskill_t_ppg>=1_relaxar · ppg_nao_piorando_ou_nada · funcao_menor_vol,lucro,0.7436512697460508,0.7436512697460508
MULTI_10a35,comum,todas,450,20,0.1,bsskill_todas · llskill_todas · brier_todas · ll_todas · bsskill_entradas · llskill_entradas · brier_entradas · ll_entradas · ppg · lucro · roi · sharpe · sortino · calmar · maxdd · seq_ruim · brier_com_roi>=0 · bsskill_t_ppg>=1_relaxar · ppg_nao_piorando_ou_nada · funcao_menor_vol,brier_com_roi>=0,0.8358328334333134,0.8190361927614477
MULTI_10a35,comum,so_INI,450,20,0.1,bsskill_todas · llskill_todas · brier_todas · ll_todas · bsskill_entradas · llskill_entradas · brier_entradas · ll_entradas · ppg · lucro · roi · sharpe · sortino · calmar · maxdd · seq_ruim · brier_com_roi>=0 · bsskill_t_ppg>=1_relaxar · ppg_nao_piorando_ou_nada · funcao_menor_vol,brier_com_roi>=0,0.8912217556488702,0.8912217556488702
