funil,janela,conjunto,modelo_MOM,modelo_INI,n_jogos,ppg_MOM,ppg_INI,delta_ppg_MOM_menos_INI,se,z,bsskill_MOM,bsskill_INI
FIRST_5a45,propria,todas,FIXO_TUDO_MOM,FIXO_TUDO_INI,450,0.006673156743319202,0.00489298050506209,0.0017801762382571187,0.01598332701294301,0.11137707667593638,-0.005764290847480764,-0.00524559857833967
FIRST_5a45,propria,todas,FIXO_V6E_MOM,FIXO_V6E_INI,450,-0.032181954974882236,-0.04931583094782889,0.017133875972946633,0.030462954097377197,0.5624495877247121,0.004720576087876949,0.00479307637607831
FIRST_5a45,propria,todas,FIXO_V6WR_MOM,FIXO_V6WR_INI,450,-0.05109257909786785,-0.08394647820499808,0.03285389910713022,0.0344184262803336,0.9545439073692531,-0.0008595033002143717,-0.0005115439858902553
FIRST_5a45,propria,todas,FIXO_V6_MOM,FIXO_V6_INI,450,-0.051153117431392725,-0.08394647820499808,0.032793360773605354,0.03515560184463387,0.9328061262763138,-0.0007630113924350029,-0.0004469850007837134
FIRST_5a45,comum,todas,FIXO_TUDO_MOM,FIXO_TUDO_INI,450,0.006673156743319202,0.00489298050506209,0.0017801762382571187,0.01598332701294301,0.11137707667593638,-0.005764290847480764,-0.00524559857833967
FIRST_5a45,comum,todas,FIXO_V6E_MOM,FIXO_V6E_INI,450,-0.032181954974882236,-0.04931583094782889,0.017133875972946633,0.030462954097377197,0.5624495877247121,0.004720576087876949,0.00479307637607831
FIRST_5a45,comum,todas,FIXO_V6WR_MOM,FIXO_V6WR_INI,450,-0.05109257909786785,-0.08394647820499808,0.03285389910713022,0.0344184262803336,0.9545439073692531,-0.0008595033002143717,-0.0005115439858902553
FIRST_5a45,comum,todas,FIXO_V6_MOM,FIXO_V6_INI,450,-0.051153117431392725,-0.08394647820499808,0.032793360773605354,0.03515560184463387,0.9328061262763138,-0.0007630113924350029,-0.0004469850007837134
MULTI_5a45,propria,todas,FIXO_TUDO_MOM,FIXO_TUDO_INI,450,0.24460306271472745,0.35123761543705256,-0.10663455272232508,0.06526866964271504,-1.6337785541830345,-0.005764290847480764,-0.00524559857833967
MULTI_5a45,propria,todas,FIXO_V6E_MOM,FIXO_V6E_INI,450,0.7733606861981848,0.6851947387869777,0.08816594741120709,0.03945536843484383,2.2345741760542266,0.004720576087876949,0.00479307637607831
MULTI_5a45,propria,todas,FIXO_V6WR_MOM,FIXO_V6WR_INI,450,0.5875383868901146,0.5497024991314099,0.037835887758704764,0.05789729119278628,0.6535001375577124,-0.0008595033002143717,-0.0005115439858902553
MULTI_5a45,propria,todas,FIXO_V6_MOM,FIXO_V6_INI,450,0.5839183834415212,0.5530537270500094,0.03086465639151174,0.057940484387001105,0.5326958640068981,-0.0007630113924350029,-0.0004469850007837134
MULTI_5a45,comum,todas,FIXO_TUDO_MOM,FIXO_TUDO_INI,450,0.24460306271472745,0.35123761543705256,-0.10663455272232508,0.06526866964271504,-1.6337785541830345,-0.005764290847480764,-0.00524559857833967
MULTI_5a45,comum,todas,FIXO_V6E_MOM,FIXO_V6E_INI,450,0.7733606861981848,0.6851947387869777,0.08816594741120709,0.03945536843484383,2.2345741760542266,0.004720576087876949,0.00479307637607831
MULTI_5a45,comum,todas,FIXO_V6WR_MOM,FIXO_V6WR_INI,450,0.5875383868901146,0.5497024991314099,0.037835887758704764,0.05789729119278628,0.6535001375577124,-0.0008595033002143717,-0.0005115439858902553
MULTI_5a45,comum,todas,FIXO_V6_MOM,FIXO_V6_INI,450,0.5839183834415212,0.5530537270500094,0.03086465639151174,0.057940484387001105,0.5326958640068981,-0.0007630113924350029,-0.0004469850007837134
FIRST_10a35,propria,todas,FIXO_TUDO_MOM,FIXO_TUDO_INI,450,0.013923493923698434,0.04567226947107509,-0.03174877554737666,0.025330422283402088,-1.2533851663491704,-0.003827010944658974,-0.003428460900945556
FIRST_10a35,propria,todas,FIXO_V6E_MOM,FIXO_V6E_INI,450,0.08754910774932001,0.10142997706556454,-0.013880869316244512,0.02312484084471233,-0.6002579394797642,0.004700228035183097,0.004746464564006618
FIRST_10a35,propria,todas,FIXO_V6WR_MOM,FIXO_V6WR_INI,450,0.07857625682044174,0.05464482560567665,0.023931431214765094,0.03125243544682725,0.7657461209857364,0.00028836027957727717,0.000622344039185926
FIRST_10a35,propria,todas,FIXO_V6_MOM,FIXO_V6_INI,450,0.0755499783373435,0.05464482560567665,0.020905152731666838,0.03194059997796533,0.6545009406864164,0.00036189079814267865,0.0006676972908549532
FIRST_10a35,comum,todas,FIXO_TUDO_MOM,FIXO_TUDO_INI,450,0.013923493923698434,0.04567226947107509,-0.03174877554737666,0.025330422283402088,-1.2533851663491704,-0.003827010944658974,-0.003428460900945556
FIRST_10a35,comum,todas,FIXO_V6E_MOM,FIXO_V6E_INI,450,0.08754910774932001,0.10142997706556454,-0.013880869316244512,0.02312484084471233,-0.6002579394797642,0.004700228035183097,0.004746464564006618
FIRST_10a35,comum,todas,FIXO_V6WR_MOM,FIXO_V6WR_INI,450,0.07857625682044174,0.05464482560567665,0.023931431214765094,0.03125243544682725,0.7657461209857364,0.00028836027957727717,0.000622344039185926
FIRST_10a35,comum,todas,FIXO_V6_MOM,FIXO_V6_INI,450,0.0755499783373435,0.05464482560567665,0.020905152731666838,0.03194059997796533,0.6545009406864164,0.00036189079814267865,0.0006676972908549532
MULTI_10a35,propria,todas,FIXO_TUDO_MOM,FIXO_TUDO_INI,450,0.20477456285940024,0.3069779126224684,-0.10220334976306811,0.0627774864701831,-1.628025515351125,-0.003827010944658974,-0.003428460900945556
MULTI_10a35,propria,todas,FIXO_V6E_MOM,FIXO_V6E_INI,450,0.6646658915948367,0.6165779394457157,0.048087952149121045,0.03341095847463161,1.4392868191923747,0.004700228035183097,0.004746464564006618
MULTI_10a35,propria,todas,FIXO_V6WR_MOM,FIXO_V6WR_INI,450,0.5464666975958625,0.5144567692334964,0.03200992836236607,0.04860406065366958,0.6585854747909696,0.00028836027957727717,0.000622344039185926
MULTI_10a35,propria,todas,FIXO_V6_MOM,FIXO_V6_INI,450,0.5346785248374307,0.5153108692246785,0.019367655612752128,0.04961995820620321,0.39031986952239894,0.00036189079814267865,0.0006676972908549532
MULTI_10a35,comum,todas,FIXO_TUDO_MOM,FIXO_TUDO_INI,450,0.20477456285940024,0.3069779126224684,-0.10220334976306811,0.0627774864701831,-1.628025515351125,-0.003827010944658974,-0.003428460900945556
MULTI_10a35,comum,todas,FIXO_V6E_MOM,FIXO_V6E_INI,450,0.6646658915948367,0.6165779394457157,0.048087952149121045,0.03341095847463161,1.4392868191923747,0.004700228035183097,0.004746464564006618
MULTI_10a35,comum,todas,FIXO_V6WR_MOM,FIXO_V6WR_INI,450,0.5464666975958625,0.5144567692334964,0.03200992836236607,0.04860406065366958,0.6585854747909696,0.00028836027957727717,0.000622344039185926
MULTI_10a35,comum,todas,FIXO_V6_MOM,FIXO_V6_INI,450,0.5346785248374307,0.5153108692246785,0.019367655612752128,0.04961995820620321,0.39031986952239894,0.00036189079814267865,0.0006676972908549532
