nome,cand,flag,w
TUDO_INI,TUDO_INI,,420
TUDO_INI_CALR,TUDO_INI_CALR,,420
TUDO_INI_CALR|bipro,TUDO_INI_CALR,bipro,420
TUDO_INI_CALR|bipro30,TUDO_INI_CALR,bipro30,420
TUDO_INI_CALR|bipro35mais,TUDO_INI_CALR,bipro35mais,420
TUDO_INI_CALR|bisolo,TUDO_INI_CALR,bisolo,420
TUDO_INI_CALR|bisolo30,TUDO_INI_CALR,bisolo30,420
TUDO_INI_CALR|bisolo35mais,TUDO_INI_CALR,bisolo35mais,420
TUDO_INI_CALR|cPROBSgrande,TUDO_INI_CALR,cPROBSgrande,420
TUDO_INI_CALR|cWRgrande,TUDO_INI_CALR,cWRgrande,420
TUDO_INI|bipro,TUDO_INI,bipro,420
TUDO_INI|bipro30,TUDO_INI,bipro30,420
TUDO_INI|bipro35mais,TUDO_INI,bipro35mais,420
TUDO_INI|bisolo,TUDO_INI,bisolo,420
TUDO_INI|bisolo30,TUDO_INI,bisolo30,420
TUDO_INI|bisolo35mais,TUDO_INI,bisolo35mais,420
TUDO_INI|cPROBSgrande,TUDO_INI,cPROBSgrande,420
TUDO_INI|cWRgrande,TUDO_INI,cWRgrande,420
TUDO_MOM,TUDO_MOM,,420
TUDO_MOM|bipro,TUDO_MOM,bipro,420
TUDO_MOM|bipro30,TUDO_MOM,bipro30,420
TUDO_MOM|bipro35mais,TUDO_MOM,bipro35mais,420
TUDO_MOM|bisolo,TUDO_MOM,bisolo,420
TUDO_MOM|bisolo30,TUDO_MOM,bisolo30,420
TUDO_MOM|bisolo35mais,TUDO_MOM,bisolo35mais,420
TUDO_MOM|cPROBSgrande,TUDO_MOM,cPROBSgrande,420
TUDO_MOM|cWRgrande,TUDO_MOM,cWRgrande,420
V6E_INI,V6E_INI,,200
V6E_INI|bipro,V6E_INI,bipro,420
V6E_INI|bipro30,V6E_INI,bipro30,420
V6E_INI|bipro35mais,V6E_INI,bipro35mais,420
V6E_INI|bisolo,V6E_INI,bisolo,400
V6E_INI|bisolo30,V6E_INI,bisolo30,400
V6E_INI|bisolo35mais,V6E_INI,bisolo35mais,400
V6E_INI|cPROBSgrande,V6E_INI,cPROBSgrande,200
V6E_INI|cWRgrande,V6E_INI,cWRgrande,200
V6E_MOM,V6E_MOM,,200
V6E_MOM|bipro,V6E_MOM,bipro,420
V6E_MOM|bipro30,V6E_MOM,bipro30,420
V6E_MOM|bipro35mais,V6E_MOM,bipro35mais,420
V6E_MOM|bisolo,V6E_MOM,bisolo,400
V6E_MOM|bisolo30,V6E_MOM,bisolo30,400
V6E_MOM|bisolo35mais,V6E_MOM,bisolo35mais,400
V6E_MOM|cPROBSgrande,V6E_MOM,cPROBSgrande,200
V6E_MOM|cWRgrande,V6E_MOM,cWRgrande,200
V6WR_INI,V6WR_INI,,200
V6WR_INI|bipro,V6WR_INI,bipro,420
V6WR_INI|bipro30,V6WR_INI,bipro30,420
V6WR_INI|bipro35mais,V6WR_INI,bipro35mais,420
V6WR_INI|bisolo,V6WR_INI,bisolo,400
V6WR_INI|bisolo30,V6WR_INI,bisolo30,400
V6WR_INI|bisolo35mais,V6WR_INI,bisolo35mais,400
V6WR_INI|cPROBSgrande,V6WR_INI,cPROBSgrande,200
V6WR_INI|cWRgrande,V6WR_INI,cWRgrande,200
V6WR_MOM,V6WR_MOM,,200
V6WR_MOM|bipro,V6WR_MOM,bipro,420
V6WR_MOM|bipro30,V6WR_MOM,bipro30,420
V6WR_MOM|bipro35mais,V6WR_MOM,bipro35mais,420
V6WR_MOM|bisolo,V6WR_MOM,bisolo,400
V6WR_MOM|bisolo30,V6WR_MOM,bisolo30,400
V6WR_MOM|bisolo35mais,V6WR_MOM,bisolo35mais,400
V6WR_MOM|cPROBSgrande,V6WR_MOM,cPROBSgrande,200
V6WR_MOM|cWRgrande,V6WR_MOM,cWRgrande,200
V6_INI,V6_INI,,200
V6_INI|bipro,V6_INI,bipro,420
V6_INI|bipro30,V6_INI,bipro30,420
V6_INI|bipro35mais,V6_INI,bipro35mais,420
V6_INI|bisolo,V6_INI,bisolo,400
V6_INI|bisolo30,V6_INI,bisolo30,400
V6_INI|bisolo35mais,V6_INI,bisolo35mais,400
V6_INI|cPROBSgrande,V6_INI,cPROBSgrande,200
V6_INI|cWRgrande,V6_INI,cWRgrande,200
V6_MOM,V6_MOM,,200
V6_MOM|bipro,V6_MOM,bipro,420
V6_MOM|bipro30,V6_MOM,bipro30,420
V6_MOM|bipro35mais,V6_MOM,bipro35mais,420
V6_MOM|bisolo,V6_MOM,bisolo,400
V6_MOM|bisolo30,V6_MOM,bisolo30,400
V6_MOM|bisolo35mais,V6_MOM,bisolo35mais,400
V6_MOM|cPROBSgrande,V6_MOM,cPROBSgrande,200
V6_MOM|cWRgrande,V6_MOM,cWRgrande,200
