funil,janela,conjunto,regra,n_jogos,delta_ppg_2_menos_bloco,ic_lo,ic_hi,p_unilateral_2_melhor
FIRST_5a45,propria,todas,bsskill_todas,450,-0.003866290463492943,-0.05699801142735016,0.05290208356082195,0.574750830564784
FIRST_5a45,propria,todas,llskill_todas,450,0.005121805909802216,-0.0442368827584463,0.058155555341266575,0.42857142857142855
FIRST_5a45,propria,todas,brier_todas,450,0.003065585074619626,-0.04907752323644773,0.061666590596967,0.45182724252491696
FIRST_5a45,propria,todas,ll_todas,450,0.0005671702187421898,-0.054697886910247615,0.05501733008580196,0.46179401993355484
FIRST_5a45,propria,todas,bsskill_entradas,450,0.040077605059607245,-0.029424233957105993,0.11222290110327594,0.16279069767441862
FIRST_5a45,propria,todas,llskill_entradas,450,0.06260446723709835,-0.001512890822622417,0.12056745267289795,0.023255813953488372
FIRST_5a45,propria,todas,brier_entradas,450,-0.0398994925860889,-0.1060661499191857,0.0165725409963375,0.9302325581395349
FIRST_5a45,propria,todas,ll_entradas,450,-0.003329154312396173,-0.07350951798985095,0.06278798970752048,0.5149501661129569
FIRST_5a45,propria,todas,ppg,450,0.06116813872486367,-0.004499887727494281,0.14447986004064803,0.07308970099667775
FIRST_5a45,propria,todas,lucro,450,0.02867470245366819,-0.025414616231156914,0.08930729463647037,0.16279069767441862
FIRST_5a45,propria,todas,roi,450,0.0798534714074256,0.008745801442030264,0.15950416204098983,0.029900332225913623
FIRST_5a45,propria,todas,sharpe,450,0.05508510001624859,-0.02297559935527242,0.1352242051077058,0.11295681063122924
FIRST_5a45,propria,todas,sortino,450,0.06532893687393584,-0.015523289240070246,0.1449176634687364,0.05647840531561462
FIRST_5a45,propria,todas,calmar,450,0.05192456158665891,-0.01004274565629051,0.11799459952734953,0.059800664451827246
FIRST_5a45,propria,todas,maxdd,450,0.03046556100520057,-0.016866331174402,0.08177937859875739,0.09302325581395349
FIRST_5a45,propria,todas,seq_ruim,450,0.0747593988533562,-0.011104640032520471,0.1688572602703093,0.046511627906976744
FIRST_5a45,propria,todas,brier_com_roi>=0,450,-0.016527772260176155,-0.08761555011626851,0.052245966768357105,0.6910299003322259
FIRST_5a45,propria,todas,bsskill_t_ppg>=1_relaxar,450,0.019805018582499407,-0.054022667257558554,0.10207167737947649,0.3289036544850498
FIRST_5a45,propria,todas,ppg_nao_piorando_ou_nada,450,0.06116813872486367,-0.004499887727494281,0.14447986004064803,0.07308970099667775
FIRST_5a45,propria,todas,funcao_menor_vol,450,0.0051625141154605795,-0.028976387351866285,0.03927757817316014,0.34551495016611294
FIRST_5a45,propria,so_INI,bsskill_todas,450,-0.006898726952241418,-0.06702125466895796,0.06158828161179093,0.5813953488372093
FIRST_5a45,propria,so_INI,llskill_todas,450,-0.0021350384498485227,-0.05868016968537045,0.05542178361433601,0.5481727574750831
FIRST_5a45,propria,so_INI,brier_todas,450,-0.0002841942744784396,-0.04835072473326532,0.05295910395316664,0.4850498338870432
FIRST_5a45,propria,so_INI,ll_todas,450,-0.0007974929298358704,-0.048568184011587544,0.048832279383272933,0.4950166112956811
FIRST_5a45,propria,so_INI,bsskill_entradas,450,0.05490649342676072,-0.03427063479861987,0.1432579443708595,0.11627906976744186
FIRST_5a45,propria,so_INI,llskill_entradas,450,0.07408650170882888,-0.010950121822678054,0.16391397734726146,0.053156146179401995
FIRST_5a45,propria,so_INI,brier_entradas,450,-0.02180026520207923,-0.05952848656465019,0.007524310672484718,0.9003322259136213
FIRST_5a45,propria,so_INI,ll_entradas,450,-0.02402248742430145,-0.06400154094025977,0.013235067585287943,0.8504983388704319
FIRST_5a45,propria,so_INI,ppg,450,0.05609846742251763,-0.01668450858982863,0.139938593205108,0.11960132890365449
FIRST_5a45,propria,so_INI,lucro,450,0.05387624520029541,-0.015298749639443728,0.12961530547203984,0.08970099667774087
FIRST_5a45,propria,so_INI,roi,450,0.08933007780961295,0.01817525790541306,0.18175488835689946,0.03322259136212625
FIRST_5a45,propria,so_INI,sharpe,450,0.05989302714226017,-0.020925515826071772,0.1312942895817312,0.04983388704318937
FIRST_5a45,propria,so_INI,sortino,450,0.04364434524668273,-0.036263349351207834,0.11853261602409451,0.12292358803986711
FIRST_5a45,propria,so_INI,calmar,450,0.05183763730026567,0.005558722489175595,0.09957119910271789,0.019933554817275746
FIRST_5a45,propria,so_INI,maxdd,450,0.038528410765751635,-0.006564640387951592,0.09098015161900927,0.05647840531561462
FIRST_5a45,propria,so_INI,seq_ruim,450,0.0756054615123899,-0.007338827056246716,0.17826546092078943,0.05647840531561462
FIRST_5a45,propria,so_INI,brier_com_roi>=0,450,-0.01777770106960166,-0.08722404194056761,0.04683166707477717,0.6877076411960132
FIRST_5a45,propria,so_INI,bsskill_t_ppg>=1_relaxar,450,-0.012780485111322286,-0.07447811342658968,0.050597490039686506,0.6378737541528239
FIRST_5a45,propria,so_INI,ppg_nao_piorando_ou_nada,450,0.05609846742251763,-0.01668450858982863,0.139938593205108,0.11960132890365449
FIRST_5a45,propria,so_INI,funcao_menor_vol,450,0.022812459248676545,-0.01685216507481544,0.062076963804605825,0.132890365448505
FIRST_5a45,comum,todas,bsskill_todas,450,0.017342048846929418,-0.04649150580259559,0.0669578303521849,0.2558139534883721
FIRST_5a45,comum,todas,llskill_todas,450,0.00310036407478646,-0.04518844226689422,0.04492264672397608,0.4418604651162791
FIRST_5a45,comum,todas,brier_todas,450,-0.050301977073236706,-0.10319754313931105,0.006791688072812394,0.973421926910299
FIRST_5a45,comum,todas,ll_todas,450,-0.028110007937317133,-0.08657925273737191,0.02348832350241089,0.8471760797342193
FIRST_5a45,comum,todas,bsskill_entradas,450,0.03599003959648605,-0.03767873286938656,0.10613544785584857,0.14285714285714285
FIRST_5a45,comum,todas,llskill_entradas,450,0.035058012405164596,-0.03402654193734087,0.10266857068254268,0.1461794019933555
FIRST_5a45,comum,todas,brier_entradas,450,-0.005465259097168441,-0.06218971770087356,0.06370026944463329,0.5548172757475083
FIRST_5a45,comum,todas,ll_entradas,450,-0.004813205748070133,-0.06929541101632204,0.05909008160473975,0.53156146179402
FIRST_5a45,comum,todas,ppg,450,0.04514332276393746,-0.021282321781753336,0.10721038324515846,0.10631229235880399
FIRST_5a45,comum,todas,lucro,450,0.04514332276393746,-0.021282321781753336,0.10721038324515846,0.10631229235880399
FIRST_5a45,comum,todas,roi,450,0.05774978539088856,0.0058796878243549365,0.13556043392485767,0.08637873754152824
FIRST_5a45,comum,todas,sharpe,450,0.06667089997673117,-0.018036011155831474,0.1646827728176937,0.08970099667774087
FIRST_5a45,comum,todas,sortino,450,0.05782616411423847,-0.016196856070918714,0.12931779364388946,0.07641196013289037
FIRST_5a45,comum,todas,calmar,450,0.06040186087976593,-0.006638867968703515,0.14018384673283857,0.09302325581395349
FIRST_5a45,comum,todas,maxdd,450,0.03278678321050147,-0.02760999091229071,0.08205136888711714,0.10299003322259136
FIRST_5a45,comum,todas,seq_ruim,450,0.06721134623424636,-0.025305181285387005,0.16732693208490237,0.10299003322259136
FIRST_5a45,comum,todas,brier_com_roi>=0,450,-0.006706455837448283,-0.07233743674642895,0.057314940680251496,0.5514950166112956
FIRST_5a45,comum,todas,bsskill_t_ppg>=1_relaxar,450,0.06023242127188222,0.004437984262566244,0.14082370149953208,0.06312292358803986
FIRST_5a45,comum,todas,ppg_nao_piorando_ou_nada,450,0.04514332276393746,-0.021282321781753336,0.10721038324515846,0.10631229235880399
FIRST_5a45,comum,todas,funcao_menor_vol,450,0.00832703484449621,-0.02765175754692361,0.047835687140878505,0.3289036544850498
FIRST_5a45,comum,so_INI,bsskill_todas,450,0.019117542871108943,-0.030152207591341018,0.06963995914520904,0.20930232558139536
FIRST_5a45,comum,so_INI,llskill_todas,450,-0.004973139357411676,-0.05824510375637108,0.05184821040748848,0.5581395348837209
FIRST_5a45,comum,so_INI,brier_todas,450,-0.019003196196460927,-0.06363063615977331,0.02862654916264309,0.770764119601329
FIRST_5a45,comum,so_INI,ll_todas,450,-0.005106403929871529,-0.04724800103568922,0.035916994831269394,0.574750830564784
FIRST_5a45,comum,so_INI,bsskill_entradas,450,0.019506343673746932,-0.03222023764086199,0.08009586413428818,0.2857142857142857
FIRST_5a45,comum,so_INI,llskill_entradas,450,0.03879143431397196,-0.02674826810120791,0.10893610182175875,0.132890365448505
FIRST_5a45,comum,so_INI,brier_entradas,450,-0.009404556407276582,-0.06410909995644344,0.04299385954436882,0.5946843853820598
FIRST_5a45,comum,so_INI,ll_entradas,450,-0.006674973928506319,-0.058862497391575376,0.05711531765046694,0.5880398671096345
FIRST_5a45,comum,so_INI,ppg,450,0.04925965508857245,-0.015959385929637974,0.1455221900215689,0.1461794019933555
FIRST_5a45,comum,so_INI,lucro,450,0.04925965508857245,-0.015959385929637974,0.1455221900215689,0.1461794019933555
FIRST_5a45,comum,so_INI,roi,450,0.06535888304834317,-0.010861568119407972,0.1482284938512722,0.06976744186046512
FIRST_5a45,comum,so_INI,sharpe,450,0.05667701019405522,-0.035395600665699356,0.1434477561620422,0.10963455149501661
FIRST_5a45,comum,so_INI,sortino,450,0.05373371445157884,-0.029431212511419058,0.12894740273741925,0.08637873754152824
FIRST_5a45,comum,so_INI,calmar,450,0.0451712435268167,-0.017109983933699714,0.10554586504382504,0.07973421926910298
FIRST_5a45,comum,so_INI,maxdd,450,0.040849632971052534,-0.009874628680097529,0.1039447555159756,0.10299003322259136
FIRST_5a45,comum,so_INI,seq_ruim,450,0.07141618206798253,-0.008971134567445183,0.14650985455361473,0.036544850498338874
FIRST_5a45,comum,so_INI,brier_com_roi>=0,450,-0.013476072787720736,-0.0787247177905867,0.04974293817306521,0.6245847176079734
FIRST_5a45,comum,so_INI,bsskill_t_ppg>=1_relaxar,450,0.012093318357776259,-0.03200861601717457,0.05205907331585013,0.21926910299003322
FIRST_5a45,comum,so_INI,ppg_nao_piorando_ou_nada,450,0.04925965508857245,-0.015959385929637974,0.1455221900215689,0.1461794019933555
FIRST_5a45,comum,so_INI,funcao_menor_vol,450,0.009098374558430858,-0.025645812234533615,0.04710131017484135,0.2857142857142857
MULTI_5a45,propria,todas,bsskill_todas,450,-0.043661357538947024,-0.3258868068666985,0.23642660389940512,0.584717607973422
MULTI_5a45,propria,todas,llskill_todas,450,-0.13034229696579736,-0.3678821999357634,0.17094073086571923,0.840531561461794
MULTI_5a45,propria,todas,brier_todas,450,0.10230126519137026,-0.1397615738295817,0.3877675877014472,0.23588039867109634
MULTI_5a45,propria,todas,ll_todas,450,0.09600801356734766,-0.15412264452366184,0.36461199736838024,0.19933554817275748
MULTI_5a45,propria,todas,bsskill_entradas,450,-0.0838766862761742,-0.3160473884904572,0.13205924262210358,0.7807308970099668
MULTI_5a45,propria,todas,llskill_entradas,450,-0.11347716187927584,-0.30858264874956504,0.10637006106407222,0.8471760797342193
MULTI_5a45,propria,todas,brier_entradas,450,0.269851221855021,0.04484648813843436,0.5048604260368026,0.026578073089700997
MULTI_5a45,propria,todas,ll_entradas,450,0.3254166772916775,0.05984027656272222,0.6223023266631196,0.016611295681063124
MULTI_5a45,propria,todas,ppg,450,0.35348258329501464,-0.026024535218382307,0.7874935083451974,0.07308970099667775
MULTI_5a45,propria,todas,lucro,450,0.17084787997233583,-0.005370722126562786,0.3359988212170113,0.026578073089700997
MULTI_5a45,propria,todas,roi,450,-0.11367293489302704,-0.3843349232074995,0.08943280419083445,0.8538205980066446
MULTI_5a45,propria,todas,sharpe,450,-0.089544997365113,-0.30354528400812253,0.1327251175444993,0.8006644518272426
MULTI_5a45,propria,todas,sortino,450,-0.11367293489302704,-0.3843349232074995,0.08943280419083445,0.8538205980066446
MULTI_5a45,propria,todas,calmar,450,0.06469630025020787,-0.14336844462893614,0.28776114908696443,0.31893687707641194
MULTI_5a45,propria,todas,maxdd,450,0.044749302390004055,-0.19560413780090158,0.27084835106317917,0.3687707641196013
MULTI_5a45,propria,todas,seq_ruim,450,0.10015282324791962,-0.10476478581010329,0.3642423992348137,0.2059800664451827
MULTI_5a45,propria,todas,brier_com_roi>=0,450,-0.12856019766905732,-0.42139271681284207,0.15296450286146976,0.8538205980066446
MULTI_5a45,propria,todas,bsskill_t_ppg>=1_relaxar,450,0.010678370856463965,-0.2539887277141541,0.30655572908094236,0.4186046511627907
MULTI_5a45,propria,todas,ppg_nao_piorando_ou_nada,450,0.35348258329501464,-0.026024535218382307,0.7874935083451974,0.07308970099667775
MULTI_5a45,propria,todas,funcao_menor_vol,450,-0.11690055965485825,-0.29724322294463273,0.06101186556503041,0.9102990033222591
MULTI_5a45,propria,so_INI,bsskill_todas,450,-0.03865324193600478,-0.3020930127726296,0.2468134389522158,0.6046511627906976
MULTI_5a45,propria,so_INI,llskill_todas,450,-0.15987900800050486,-0.3846926408424103,0.08332783865751878,0.9136212624584718
MULTI_5a45,propria,so_INI,brier_todas,450,0.10185663384467228,-0.14186331991964465,0.3908226892444153,0.23255813953488372
MULTI_5a45,propria,so_INI,ll_todas,450,0.08433095907707913,-0.16407892690876447,0.3683593377447122,0.24916943521594684
MULTI_5a45,propria,so_INI,bsskill_entradas,450,-0.0766028143187014,-0.31209761575968825,0.1412625071748887,0.7441860465116279
MULTI_5a45,propria,so_INI,llskill_entradas,450,-0.10168229461822716,-0.3016374366384724,0.09477480419307936,0.8471760797342193
MULTI_5a45,propria,so_INI,brier_entradas,450,0.3086412252522866,0.02422876614479468,0.585475816223994,0.016611295681063124
MULTI_5a45,propria,so_INI,ll_entradas,450,0.24767856405093622,-0.029372499329926027,0.47320624800393934,0.026578073089700997
MULTI_5a45,propria,so_INI,ppg,450,0.26887252058394423,-0.09730410298768352,0.700235167340698,0.08637873754152824
MULTI_5a45,propria,so_INI,lucro,450,-0.03487354223604274,-0.32685877940384866,0.1827761195656784,0.5913621262458472
MULTI_5a45,propria,so_INI,roi,450,-0.15126947913945463,-0.40610846275223256,0.05333622384966497,0.9102990033222591
MULTI_5a45,propria,so_INI,sharpe,450,-0.11877988902159067,-0.3310693359736046,0.09369870250876187,0.8338870431893688
MULTI_5a45,propria,so_INI,sortino,450,-0.16315285340975924,-0.39983304758438537,0.06134374028969564,0.8837209302325582
MULTI_5a45,propria,so_INI,calmar,450,0.07757614706523447,-0.12364796300234039,0.2624797615575287,0.2425249169435216
MULTI_5a45,propria,so_INI,maxdd,450,-0.04667700432392448,-0.25406617109662993,0.1638692905788538,0.6877076411960132
MULTI_5a45,propria,so_INI,seq_ruim,450,0.1020573028987875,-0.11377072266318862,0.2926979950151685,0.2059800664451827
MULTI_5a45,propria,so_INI,brier_com_roi>=0,450,-0.13768214258363223,-0.41022653824454364,0.15576533273531534,0.8538205980066446
MULTI_5a45,propria,so_INI,bsskill_t_ppg>=1_relaxar,450,-0.011387096233566719,-0.2642077189640845,0.236128363820122,0.5382059800664452
MULTI_5a45,propria,so_INI,ppg_nao_piorando_ou_nada,450,0.26887252058394423,-0.09730410298768352,0.700235167340698,0.08637873754152824
MULTI_5a45,propria,so_INI,funcao_menor_vol,450,-0.1488214888827207,-0.3295262491464814,0.02773599642930024,0.9568106312292359
MULTI_5a45,comum,todas,bsskill_todas,450,0.08426937289505955,-0.10614643209310391,0.30455171034070955,0.2059800664451827
MULTI_5a45,comum,todas,llskill_todas,450,-0.08793005229542829,-0.3434947743254323,0.16333377851460942,0.7375415282392026
MULTI_5a45,comum,todas,brier_todas,450,0.006542061781866724,-0.2280678268100811,0.23098219894955307,0.4717607973421927
MULTI_5a45,comum,todas,ll_todas,450,0.0607513972232645,-0.21130866402515308,0.3136603882323955,0.28903654485049834
MULTI_5a45,comum,todas,bsskill_entradas,450,-0.09479591553558571,-0.3744044833644462,0.15821667027374953,0.7740863787375415
MULTI_5a45,comum,todas,llskill_entradas,450,-0.1177265133997895,-0.43022446733211717,0.18658276732461151,0.7774086378737541
MULTI_5a45,comum,todas,brier_entradas,450,0.269851221855021,0.04484648813843436,0.5048604260368026,0.026578073089700997
MULTI_5a45,comum,todas,ll_entradas,450,0.3254166772916775,0.05984027656272222,0.6223023266631196,0.016611295681063124
MULTI_5a45,comum,todas,ppg,450,0.35554915205808507,-0.011762325454368247,0.7957861617778892,0.06312292358803986
MULTI_5a45,comum,todas,lucro,450,0.35554915205808507,-0.011762325454368247,0.7957861617778892,0.06312292358803986
MULTI_5a45,comum,todas,roi,450,-0.12700626822636038,-0.3498274630740278,0.07379834113773275,0.8704318936877077
MULTI_5a45,comum,todas,sharpe,450,-0.16830368578249352,-0.4145542428086379,0.0528021993930391,0.920265780730897
MULTI_5a45,comum,todas,sortino,450,-0.16647873939172772,-0.4196761338858832,0.04708065855793211,0.9036544850498339
MULTI_5a45,comum,todas,calmar,450,0.1365578749647586,-0.12411965829782932,0.43961431481489477,0.20930232558139536
MULTI_5a45,comum,todas,maxdd,450,0.13358725479213357,-0.05358096882175447,0.3714731848162027,0.10631229235880399
MULTI_5a45,comum,todas,seq_ruim,450,0.09770348963682565,-0.09476040007386731,0.3348270273169479,0.1461794019933555
MULTI_5a45,comum,todas,brier_com_roi>=0,450,0.0935532537773539,-0.17291554615008062,0.35841124902226074,0.22259136212624583
MULTI_5a45,comum,todas,bsskill_t_ppg>=1_relaxar,450,0.13860910129047052,-0.05737741871850464,0.3323558273410436,0.10299003322259136
MULTI_5a45,comum,todas,ppg_nao_piorando_ou_nada,450,0.35554915205808507,-0.011762325454368247,0.7957861617778892,0.06312292358803986
MULTI_5a45,comum,todas,funcao_menor_vol,450,-0.14295497127630913,-0.3308502430895198,0.03076517037144642,0.9269102990033222
MULTI_5a45,comum,so_INI,bsskill_todas,450,0.06566521346686412,-0.1293723139978677,0.2998434506480193,0.2757475083056478
MULTI_5a45,comum,so_INI,llskill_todas,450,-0.14676178652727864,-0.4084832110006418,0.07834365401050783,0.893687707641196
MULTI_5a45,comum,so_INI,brier_todas,450,0.04044370372926159,-0.23152646964791548,0.35198697682768854,0.3488372093023256
MULTI_5a45,comum,so_INI,ll_todas,450,0.0928979175965564,-0.19302103271006138,0.3766921893144419,0.22591362126245848
MULTI_5a45,comum,so_INI,bsskill_entradas,450,-0.09182777489455936,-0.30616099045958184,0.15077480713323826,0.7641196013289037
MULTI_5a45,comum,so_INI,llskill_entradas,450,-0.10163935933385282,-0.39360940421676566,0.18532057775009841,0.707641196013289
MULTI_5a45,comum,so_INI,brier_entradas,450,0.3086412252522866,0.02422876614479468,0.585475816223994,0.016611295681063124
MULTI_5a45,comum,so_INI,ll_entradas,450,0.24767856405093622,-0.029372499329926027,0.47320624800393934,0.026578073089700997
MULTI_5a45,comum,so_INI,ppg,450,0.26887252058394423,-0.09730410298768352,0.700235167340698,0.08637873754152824
MULTI_5a45,comum,so_INI,lucro,450,0.26887252058394423,-0.09730410298768352,0.700235167340698,0.08637873754152824
MULTI_5a45,comum,so_INI,roi,450,-0.16257856575310087,-0.3948694360485564,0.07150007175518584,0.9102990033222591
MULTI_5a45,comum,so_INI,sharpe,450,-0.1448913453786698,-0.34309954753300953,0.05437815653964313,0.9302325581395349
MULTI_5a45,comum,so_INI,sortino,450,-0.16735859446114654,-0.4105801513940687,0.02894536935140341,0.9169435215946844
MULTI_5a45,comum,so_INI,calmar,450,0.14452535379614964,-0.0851337627651887,0.3708581517644254,0.132890365448505
MULTI_5a45,comum,so_INI,maxdd,450,0.14416072045803205,-0.05255823192173328,0.4370835406885494,0.09966777408637874
MULTI_5a45,comum,so_INI,seq_ruim,450,0.09960796928769355,-0.057906077566900124,0.2881961632274496,0.1461794019933555
MULTI_5a45,comum,so_INI,brier_com_roi>=0,450,0.002810310403955793,-0.2662848901183342,0.3183550226091933,0.5282392026578073
MULTI_5a45,comum,so_INI,bsskill_t_ppg>=1_relaxar,450,0.09293135916930219,-0.08629650221434522,0.28997447899869083,0.15946843853820597
MULTI_5a45,comum,so_INI,ppg_nao_piorando_ou_nada,450,0.26887252058394423,-0.09730410298768352,0.700235167340698,0.08637873754152824
MULTI_5a45,comum,so_INI,funcao_menor_vol,450,-0.13994071089524177,-0.31803997461424866,0.024894101434761184,0.9601328903654485
FIRST_10a35,propria,todas,bsskill_todas,450,0.012858632231223018,-0.08515714157716839,0.10643695404681718,0.4053156146179402
FIRST_10a35,propria,todas,llskill_todas,450,0.020725099227923368,-0.045061704734876876,0.07612996189602975,0.24916943521594684
FIRST_10a35,propria,todas,brier_todas,450,0.02101240399105157,-0.0145040785996154,0.06073468117233566,0.15614617940199335
FIRST_10a35,propria,todas,ll_todas,450,0.030893834098673856,-0.016318503744794363,0.08245289675685434,0.09966777408637874
FIRST_10a35,propria,todas,bsskill_entradas,450,0.06711451222327877,-0.01608438222683962,0.15592080693149835,0.07641196013289037
FIRST_10a35,propria,todas,llskill_entradas,450,0.08177431847047394,0.004793463207653655,0.1479620818400401,0.019933554817275746
FIRST_10a35,propria,todas,brier_entradas,450,0.0005301323124203349,-0.032571539447937045,0.034391887896303396,0.4684385382059801
FIRST_10a35,propria,todas,ll_entradas,450,-0.0045393638648528875,-0.04557094323583244,0.03291221627045897,0.5581395348837209
FIRST_10a35,propria,todas,ppg,450,0.10286677115570869,0.01414627798974742,0.19747634315558354,0.016611295681063124
FIRST_10a35,propria,todas,lucro,450,0.02007394947984948,-0.027059979989297614,0.07587916319320705,0.19601328903654486
FIRST_10a35,propria,todas,roi,450,0.09141464269359476,7.804210957466402e-05,0.19020709676414432,0.036544850498338874
FIRST_10a35,propria,todas,sharpe,450,0.05555076425585168,-0.026712672274260187,0.14373502085926712,0.1362126245847176
FIRST_10a35,propria,todas,sortino,450,0.06202764556864537,-0.0275093804922993,0.15551939515242394,0.09966777408637874
FIRST_10a35,propria,todas,calmar,450,0.10807191157444387,0.04067923863329109,0.19865870721005563,0.006644518272425249
FIRST_10a35,propria,todas,maxdd,450,0.07770838565926909,0.01927563835341277,0.16059985520530928,0.04318936877076412
FIRST_10a35,propria,todas,seq_ruim,450,0.026124560386259835,-0.043678614561295896,0.08921043768832915,0.23255813953488372
FIRST_10a35,propria,todas,brier_com_roi>=0,450,0.016935406162717003,-0.05415093557380703,0.10210075839830392,0.36212624584717606
FIRST_10a35,propria,todas,bsskill_t_ppg>=1_relaxar,450,0.028160014816893654,-0.06334519927969794,0.1214525203088374,0.2757475083056478
FIRST_10a35,propria,todas,ppg_nao_piorando_ou_nada,450,0.10286677115570869,0.01414627798974742,0.19747634315558354,0.016611295681063124
FIRST_10a35,propria,todas,funcao_menor_vol,450,0.0513513730206749,0.0010815468477181013,0.10842993528953175,0.053156146179401995
FIRST_10a35,propria,so_INI,bsskill_todas,450,0.022845786835328907,-0.06776820888076072,0.10485969814992895,0.31561461794019935
FIRST_10a35,propria,so_INI,llskill_todas,450,0.008950218242346031,-0.06042087205209801,0.08298065565265964,0.4119601328903654
FIRST_10a35,propria,so_INI,brier_todas,450,0.01289623693543029,-0.020854333329886395,0.0498791407195561,0.26245847176079734
FIRST_10a35,propria,so_INI,ll_todas,450,0.025421424921237872,-0.023586352324839983,0.08042862380645871,0.16943521594684385
FIRST_10a35,propria,so_INI,bsskill_entradas,450,0.07283356138227438,-0.011084806114383209,0.160075725497575,0.0664451827242525
FIRST_10a35,propria,so_INI,llskill_entradas,450,0.08379216445967337,0.015617329135615459,0.1602975922625657,0.023255813953488372
FIRST_10a35,propria,so_INI,brier_entradas,450,0.00767257163432221,-0.023921030064257557,0.048992257529699906,0.32558139534883723
FIRST_10a35,propria,so_INI,ll_entradas,450,0.0028920642462266677,-0.02862376647611061,0.04375395287776526,0.40863787375415284
FIRST_10a35,propria,so_INI,ppg,450,0.12856195576379123,0.052512360893961246,0.22490987201792537,0.009966777408637873
FIRST_10a35,propria,so_INI,lucro,450,0.04603606365791438,0.0004650442784836237,0.09961291548351056,0.03986710963455149
FIRST_10a35,propria,so_INI,roi,450,0.10053041021169817,-0.001252267650024973,0.20673339789828418,0.036544850498338874
FIRST_10a35,propria,so_INI,sharpe,450,0.06158156467259603,-0.021165814632029892,0.14534110817785562,0.10299003322259136
FIRST_10a35,propria,so_INI,sortino,450,0.08397097239830816,0.016354613997410984,0.1734055269284676,0.04983388704318937
FIRST_10a35,propria,so_INI,calmar,450,0.09736147598076154,0.035422709728130226,0.15233929205797328,0.0033222591362126247
FIRST_10a35,propria,so_INI,maxdd,450,0.08064769573186709,0.011553226179519044,0.16017428131204586,0.026578073089700997
FIRST_10a35,propria,so_INI,seq_ruim,450,0.053709330875313814,-0.04577183965960211,0.16809539821008143,0.16279069767441862
FIRST_10a35,propria,so_INI,brier_com_roi>=0,450,-0.002243433606757176,-0.06888132567199322,0.06313204694362197,0.5149501661129569
FIRST_10a35,propria,so_INI,bsskill_t_ppg>=1_relaxar,450,0.03125451015571468,-0.05688597833556291,0.11810101446133484,0.2159468438538206
FIRST_10a35,propria,so_INI,ppg_nao_piorando_ou_nada,450,0.12856195576379123,0.052512360893961246,0.22490987201792537,0.009966777408637873
FIRST_10a35,propria,so_INI,funcao_menor_vol,450,0.06205526847289352,0.003042797158615867,0.12951653461754717,0.04983388704318937
FIRST_10a35,comum,todas,bsskill_todas,450,0.01753345688508826,-0.05232278158180987,0.08938429801785876,0.33554817275747506
FIRST_10a35,comum,todas,llskill_todas,450,0.02641890506418732,-0.04055726276855393,0.08951091108233764,0.2292358803986711
FIRST_10a35,comum,todas,brier_todas,450,0.025248138852614583,-0.016134684356270253,0.060389337309657204,0.10299003322259136
FIRST_10a35,comum,todas,ll_todas,450,0.031838251088747306,-0.017026535522826524,0.08304331655576429,0.1362126245847176
FIRST_10a35,comum,todas,bsskill_entradas,450,0.07360471695858121,-0.008344464077550597,0.17156818566855944,0.08305647840531562
FIRST_10a35,comum,todas,llskill_entradas,450,0.06429295772921417,-0.01708320214973157,0.14588299019727358,0.07308970099667775
FIRST_10a35,comum,todas,brier_entradas,450,-0.002228158922328544,-0.04310709404665678,0.03264279804377777,0.5348837209302325
FIRST_10a35,comum,todas,ll_entradas,450,-0.008373706768538899,-0.04872572091315847,0.03346054258168691,0.6445182724252492
FIRST_10a35,comum,todas,ppg,450,0.07698138000147929,-0.016891912682474385,0.17347846708253678,0.0664451827242525
FIRST_10a35,comum,todas,lucro,450,0.07698138000147929,-0.016891912682474385,0.17347846708253678,0.0664451827242525
FIRST_10a35,comum,todas,roi,450,0.09913283076078747,0.003699936696468438,0.2108065168776953,0.04318936877076412
FIRST_10a35,comum,todas,sharpe,450,0.07163884229499476,-0.02145887376677798,0.17546336192887152,0.0664451827242525
FIRST_10a35,comum,todas,sortino,450,0.07589350138556622,-0.016282577089956316,0.17897372886317975,0.07308970099667775
FIRST_10a35,comum,todas,calmar,450,0.11767324483482798,0.04183477295200943,0.20514883174035584,0.0033222591362126247
FIRST_10a35,comum,todas,maxdd,450,0.08729068626452433,0.022390280201335835,0.16527586733893396,0.019933554817275746
FIRST_10a35,comum,todas,seq_ruim,450,0.03999041620318069,-0.029488369719159694,0.10499652607878072,0.12956810631229235
FIRST_10a35,comum,todas,brier_com_roi>=0,450,0.0025252426685041405,-0.0638446542495465,0.0792759442825906,0.48172757475083056
FIRST_10a35,comum,todas,bsskill_t_ppg>=1_relaxar,450,0.03083498529994783,-0.059696178655426826,0.1085586330342774,0.23920265780730898
FIRST_10a35,comum,todas,ppg_nao_piorando_ou_nada,450,0.07698138000147929,-0.016891912682474385,0.17347846708253678,0.0664451827242525
FIRST_10a35,comum,todas,funcao_menor_vol,450,0.034737982374627496,-0.015840987871225596,0.08459935107736635,0.09302325581395349
FIRST_10a35,comum,so_INI,bsskill_todas,450,0.0203027807683349,-0.0442257785019444,0.08973427915189777,0.292358803986711
FIRST_10a35,comum,so_INI,llskill_todas,450,0.027254341074805132,-0.0464721922008671,0.1137983477597905,0.22259136212624583
FIRST_10a35,comum,so_INI,brier_todas,450,0.03813747270800339,-0.011570387837665959,0.08431759897765494,0.05647840531561462
FIRST_10a35,comum,so_INI,ll_todas,450,0.060781917084450125,0.011884516628683462,0.11853686039009824,0.019933554817275746
FIRST_10a35,comum,so_INI,bsskill_entradas,450,0.07558177567219922,-0.013422981869720896,0.16605650896278323,0.05647840531561462
FIRST_10a35,comum,so_INI,llskill_entradas,450,0.06744735467089384,-0.004173928872882653,0.14377393770706676,0.04983388704318937
FIRST_10a35,comum,so_INI,brier_entradas,450,-0.005036161052449004,-0.05251819604882762,0.04176406246013836,0.5913621262458472
FIRST_10a35,comum,so_INI,ll_entradas,450,-0.005782558649696972,-0.0491049672823331,0.0363533621027619,0.6179401993355482
FIRST_10a35,comum,so_INI,ppg,450,0.11006794958876488,0.014083671421411577,0.2103458745074314,0.013289036544850499
FIRST_10a35,comum,so_INI,lucro,450,0.11006794958876488,0.014083671421411577,0.2103458745074314,0.013289036544850499
FIRST_10a35,comum,so_INI,roi,450,0.1071120473264106,0.012588872222119475,0.21296133169544798,0.029900332225913623
FIRST_10a35,comum,so_INI,sharpe,450,0.07653309175925885,0.0004929223373932128,0.174257376100598,0.05647840531561462
FIRST_10a35,comum,so_INI,sortino,450,0.09670027726274877,0.015020193093401912,0.1750771076362951,0.009966777408637873
FIRST_10a35,comum,so_INI,calmar,450,0.08123119601177095,0.024719552133692594,0.14799763180570513,0.009966777408637873
FIRST_10a35,comum,so_INI,maxdd,450,0.0933770005963077,0.019140567576371448,0.18410237692962816,0.026578073089700997
FIRST_10a35,comum,so_INI,seq_ruim,450,0.057193914076608524,-0.03957359621693876,0.18131570273617056,0.19269102990033224
FIRST_10a35,comum,so_INI,brier_com_roi>=0,450,0.01644265467929961,-0.04335797591961559,0.08586665003873911,0.33554817275747506
FIRST_10a35,comum,so_INI,bsskill_t_ppg>=1_relaxar,450,0.027425469462856324,-0.06720067120911154,0.10040061224304933,0.23588039867109634
FIRST_10a35,comum,so_INI,ppg_nao_piorando_ou_nada,450,0.11006794958876488,0.014083671421411577,0.2103458745074314,0.013289036544850499
FIRST_10a35,comum,so_INI,funcao_menor_vol,450,0.0164189893078,-0.03164909743071671,0.07843135931436673,0.31561461794019935
MULTI_10a35,propria,todas,bsskill_todas,450,-0.03533137516540303,-0.3579899223385917,0.2222974187380409,0.6312292358803987
MULTI_10a35,propria,todas,llskill_todas,450,-0.008714855141816634,-0.20441540314611895,0.1796868409762417,0.5382059800664452
MULTI_10a35,propria,todas,brier_todas,450,0.11447392444736895,-0.1091618250369318,0.34586870432798356,0.18272425249169436
MULTI_10a35,propria,todas,ll_todas,450,0.14937973246154435,-0.05646634195040277,0.3924563995156585,0.12292358803986711
MULTI_10a35,propria,todas,bsskill_entradas,450,-0.08643082331861167,-0.29364521280165173,0.112629351426093,0.7873754152823921
MULTI_10a35,propria,todas,llskill_entradas,450,-0.11980732042366729,-0.37297109432434944,0.1351964677263213,0.8039867109634552
MULTI_10a35,propria,todas,brier_entradas,450,0.06882105564547121,-0.058736633580438104,0.20661043045525176,0.15946843853820597
MULTI_10a35,propria,todas,ll_entradas,450,0.07430882140183302,-0.059620501957196086,0.25067294315520644,0.19269102990033224
MULTI_10a35,propria,todas,ppg,450,0.0571683588325085,-0.18966926905999515,0.30976545883087775,0.3089700996677741
MULTI_10a35,propria,todas,lucro,450,-0.004358340942656357,-0.09606777667414078,0.09086885023369806,0.5348837209302325
MULTI_10a35,propria,todas,roi,450,-0.07353194175090848,-0.2756098132971319,0.11415210286581781,0.7441860465116279
MULTI_10a35,propria,todas,sharpe,450,-0.05431664366558818,-0.24178491847800135,0.1985553468159327,0.6710963455149501
MULTI_10a35,propria,todas,sortino,450,-0.10504104491185091,-0.3314739912959215,0.14158772191539887,0.8538205980066446
MULTI_10a35,propria,todas,calmar,450,0.016138262159041145,-0.15237432526642752,0.22741589124904912,0.43853820598006643
MULTI_10a35,propria,todas,maxdd,450,0.08351089713382823,-0.09207899564906964,0.2720271953366217,0.17940199335548174
MULTI_10a35,propria,todas,seq_ruim,450,-0.0021749487081848783,-0.1843489888961929,0.17690756426129314,0.4983388704318937
MULTI_10a35,propria,todas,brier_com_roi>=0,450,-0.038423073272239795,-0.29635191840868724,0.18714932245223884,0.6013289036544851
MULTI_10a35,propria,todas,bsskill_t_ppg>=1_relaxar,450,0.013426143176444656,-0.2654670185467802,0.28085405638646416,0.43853820598006643
MULTI_10a35,propria,todas,ppg_nao_piorando_ou_nada,450,0.0571683588325085,-0.18966926905999515,0.30976545883087775,0.3089700996677741
MULTI_10a35,propria,todas,funcao_menor_vol,450,-0.059663875185691315,-0.1829824734950987,0.09319372031021152,0.7940199335548173
MULTI_10a35,propria,so_INI,bsskill_todas,450,-0.021926442188468946,-0.2768238261614314,0.23303448647608727,0.5581395348837209
MULTI_10a35,propria,so_INI,llskill_todas,450,-0.015857778501739483,-0.20879868780087424,0.16525323346382328,0.5614617940199336
MULTI_10a35,propria,so_INI,brier_todas,450,0.10152704839380969,-0.12373214222323466,0.33489026053096105,0.17275747508305647
MULTI_10a35,propria,so_INI,ll_todas,450,0.12202815926853927,-0.12336770921742214,0.3646932221801606,0.16279069767441862
MULTI_10a35,propria,so_INI,bsskill_entradas,450,-0.07216210855607834,-0.3329586221246561,0.17240675935423463,0.7541528239202658
MULTI_10a35,propria,so_INI,llskill_entradas,450,-0.12546282980205997,-0.39424905674127253,0.1436596129263327,0.8372093023255814
MULTI_10a35,propria,so_INI,brier_entradas,450,0.04259045875800262,-0.075015883244752,0.15268752370026228,0.2159468438538206
MULTI_10a35,propria,so_INI,ll_entradas,450,0.05956081883495525,-0.05600504433503534,0.21478954241789755,0.22591362126245848
MULTI_10a35,propria,so_INI,ppg,450,0.1337841024287593,-0.10963018771709696,0.42206703562947234,0.2558139534883721
MULTI_10a35,propria,so_INI,lucro,450,0.06332990461783461,-0.08327993604014954,0.2112335858838456,0.18272425249169436
MULTI_10a35,propria,so_INI,roi,450,-0.071876971742458,-0.29516526625498174,0.12309304587037626,0.7740863787375415
MULTI_10a35,propria,so_INI,sharpe,450,-0.030484120726242823,-0.2609113439528129,0.20433142853141992,0.6046511627906976
MULTI_10a35,propria,so_INI,sortino,450,-0.08002637194386697,-0.29315402536426655,0.12201037726819956,0.7906976744186046
MULTI_10a35,propria,so_INI,calmar,450,0.04203548351658475,-0.13474214976037724,0.24536145829927197,0.34219269102990035
MULTI_10a35,propria,so_INI,maxdd,450,0.011808624542990063,-0.0890810126212242,0.11449002618852887,0.45182724252491696
MULTI_10a35,propria,so_INI,seq_ruim,450,-0.01534381943209307,-0.19529819252305153,0.1367792814962518,0.53156146179402
MULTI_10a35,propria,so_INI,brier_com_roi>=0,450,-0.03378379746483441,-0.2490272839163971,0.20355888180680817,0.6013289036544851
MULTI_10a35,propria,so_INI,bsskill_t_ppg>=1_relaxar,450,-0.017062719761839543,-0.29603631360679367,0.24254006072476275,0.521594684385382
MULTI_10a35,propria,so_INI,ppg_nao_piorando_ou_nada,450,0.1337841024287593,-0.10963018771709696,0.42206703562947234,0.2558139534883721
MULTI_10a35,propria,so_INI,funcao_menor_vol,450,-0.08603231565898155,-0.20560108052091336,0.044892255660736104,0.9036544850498339
MULTI_10a35,comum,todas,bsskill_todas,450,0.005876781006860815,-0.18079913869728095,0.2090055757317125,0.4119601328903654
MULTI_10a35,comum,todas,llskill_todas,450,0.004320391347475691,-0.2215373167122287,0.28780951889516315,0.4850498338870432
MULTI_10a35,comum,todas,brier_todas,450,0.12163722856752819,-0.07016245053460095,0.3504720627865164,0.1362126245847176
MULTI_10a35,comum,todas,ll_todas,450,0.190294131875087,-0.002184952376049977,0.39817400494369115,0.04318936877076412
MULTI_10a35,comum,todas,bsskill_entradas,450,-0.01755858926586292,-0.19391955055734847,0.17879581023491323,0.5614617940199336
MULTI_10a35,comum,todas,llskill_entradas,450,-0.06067992003619239,-0.3039679666841415,0.1804621207001284,0.6744186046511628
MULTI_10a35,comum,todas,brier_entradas,450,0.057709944534360104,-0.09089706049272711,0.1948829036748069,0.2059800664451827
MULTI_10a35,comum,todas,ll_entradas,450,0.05875326584627747,-0.08889284268606139,0.2070215546686371,0.23255813953488372
MULTI_10a35,comum,todas,ppg,450,0.006568012118248419,-0.21041596042096425,0.2665387654866684,0.4485049833887043
MULTI_10a35,comum,todas,lucro,450,0.006568012118248419,-0.21041596042096425,0.2665387654866684,0.4485049833887043
MULTI_10a35,comum,todas,roi,450,-0.08306181243237176,-0.2975288330027101,0.14307211985762688,0.8039867109634552
MULTI_10a35,comum,todas,sharpe,450,-0.05323399238610276,-0.23289414791789678,0.11311401297168257,0.6810631229235881
MULTI_10a35,comum,todas,sortino,450,-0.1239583936323655,-0.3413830949942052,0.04957473334843467,0.8704318936877077
MULTI_10a35,comum,todas,calmar,450,0.021563120260268336,-0.1719580913457908,0.20391294303177662,0.4219269102990033
MULTI_10a35,comum,todas,maxdd,450,0.12250890945244201,-0.08945385540037637,0.32656661929257397,0.15946843853820597
MULTI_10a35,comum,todas,seq_ruim,450,-0.04289675670316833,-0.1623733635491116,0.06480477790216231,0.7840531561461794
MULTI_10a35,comum,todas,brier_com_roi>=0,450,0.11668783750195742,-0.10794425421531935,0.34759080035404966,0.15946843853820597
MULTI_10a35,comum,todas,bsskill_t_ppg>=1_relaxar,450,0.05463429934870848,-0.13655158201029619,0.2663979882190201,0.2691029900332226
MULTI_10a35,comum,todas,ppg_nao_piorando_ou_nada,450,0.006568012118248419,-0.21041596042096425,0.2665387654866684,0.4485049833887043
MULTI_10a35,comum,todas,funcao_menor_vol,450,-0.08729342989437233,-0.21453243350779802,0.03942361470005688,0.9036544850498339
MULTI_10a35,comum,so_INI,bsskill_todas,450,0.01831659936661428,-0.17489947835454334,0.20110353934155117,0.4485049833887043
MULTI_10a35,comum,so_INI,llskill_todas,450,0.012107303648652624,-0.26819602362424894,0.24526446498673274,0.44518272425249167
MULTI_10a35,comum,so_INI,brier_todas,450,0.11335330803867343,-0.06566673701264433,0.32207517184652257,0.1362126245847176
MULTI_10a35,comum,so_INI,ll_todas,450,0.16973229389988956,-0.023906844767878993,0.4008048940290773,0.08305647840531562
MULTI_10a35,comum,so_INI,bsskill_entradas,450,-0.029776196510668755,-0.2502267272452066,0.19535640863315665,0.5880398671096345
MULTI_10a35,comum,so_INI,llskill_entradas,450,-0.07046693139485964,-0.3453735093216878,0.21736640511647315,0.6677740863787376
MULTI_10a35,comum,so_INI,brier_entradas,450,0.03147934764689151,-0.08666756856914563,0.14452768426511722,0.3488372093023256
MULTI_10a35,comum,so_INI,ll_entradas,450,0.04844970772384414,-0.0824355954896713,0.20982853776064322,0.26578073089701
MULTI_10a35,comum,so_INI,ppg,450,0.12442686685480876,-0.1454237405917667,0.44142739468931824,0.1760797342192691
MULTI_10a35,comum,so_INI,lucro,450,0.12442686685480876,-0.1454237405917667,0.44142739468931824,0.1760797342192691
MULTI_10a35,comum,so_INI,roi,450,-0.0794531560124047,-0.2963015807987837,0.1326202535788631,0.7674418604651163
MULTI_10a35,comum,so_INI,sharpe,450,-0.04309379353186033,-0.25039003573972707,0.17160638417403323,0.654485049833887
MULTI_10a35,comum,so_INI,sortino,450,-0.08764834907073919,-0.31523813118408056,0.14004715161818815,0.7807308970099668
MULTI_10a35,comum,so_INI,calmar,450,0.08467296622318979,-0.1281499147932649,0.30263413842133463,0.26245847176079734
MULTI_10a35,comum,so_INI,maxdd,450,0.15107807739173598,-0.09255034758912437,0.375919477512872,0.09634551495016612
MULTI_10a35,comum,so_INI,seq_ruim,450,-0.050589887111063256,-0.1810002238546188,0.12570756412907322,0.7774086378737541
MULTI_10a35,comum,so_INI,brier_com_roi>=0,450,0.09826429861949751,-0.17961397258537334,0.30531200683224474,0.1893687707641196
MULTI_10a35,comum,so_INI,bsskill_t_ppg>=1_relaxar,450,0.023180321793243683,-0.18850893846305602,0.21339987442245695,0.3920265780730897
MULTI_10a35,comum,so_INI,ppg_nao_piorando_ou_nada,450,0.12442686685480876,-0.1454237405917667,0.44142739468931824,0.1760797342192691
MULTI_10a35,comum,so_INI,funcao_menor_vol,450,-0.08717908181098136,-0.20709930026942486,0.05955304191903275,0.8837209302325582
